image_path,image_url,source,topic,caption,question_num,question,answer
dataset_images/pexels_person_1_0.jpg,https://images.pexels.com/photos/10078860/pexels-photo-10078860.jpeg?auto=compress&cs=tinysrgb&h=650&w=940,pexels,person,grayscale portrait of a confident young man with crossed arms and a subtle smile.,1,What is the man's posture in the image?,He has his arms crossed.
dataset_images/pexels_person_1_0.jpg,https://images.pexels.com/photos/10078860/pexels-photo-10078860.jpeg?auto=compress&cs=tinysrgb&h=650&w=940,pexels,person,grayscale portrait of a confident young man with crossed arms and a subtle smile.,2,Is the image in color or black and white?,The image is in grayscale (black and white).
dataset_images/pexels_person_1_0.jpg,https://images.pexels.com/photos/10078860/pexels-photo-10078860.jpeg?auto=compress&cs=tinysrgb&h=650&w=940,pexels,person,grayscale portrait of a confident young man with crossed arms and a subtle smile.,3,What is the expression on the man's face?,He has a subtle smile.
dataset_images/pexels_person_1_0.jpg,https://images.pexels.com/photos/10078860/pexels-photo-10078860.jpeg?auto=compress&cs=tinysrgb&h=650&w=940,pexels,person,grayscale portrait of a confident young man with crossed arms and a subtle smile.,4,How would you describe the man's appearance?,He appears confident and young.
dataset_images/pexels_person_1_0.jpg,https://images.pexels.com/photos/10078860/pexels-photo-10078860.jpeg?auto=compress&cs=tinysrgb&h=650&w=940,pexels,person,grayscale portrait of a confident young man with crossed arms and a subtle smile.,5,What does the man's body language suggest?,His crossed arms and subtle smile suggest confidence and composure.
dataset_images/pexels_person_1_1.jpg,https://images.pexels.com/photos/36794535/pexels-photo-36794535.png?auto=compress&cs=tinysrgb&h=650&w=940,pexels,person,young woman in red blouse smiling indoors with leafy background.,1,What color is the woman's blouse?,She is wearing a red blouse.
dataset_images/pexels_person_1_1.jpg,https://images.pexels.com/photos/36794535/pexels-photo-36794535.png?auto=compress&cs=tinysrgb&h=650&w=940,pexels,person,young woman in red blouse smiling indoors with leafy background.,2,Where is the woman in the image?,She is indoors.
dataset_images/pexels_person_1_1.jpg,https://images.pexels.com/photos/36794535/pexels-photo-36794535.png?auto=compress&cs=tinysrgb&h=650&w=940,pexels,person,young woman in red blouse smiling indoors with leafy background.,3,What is visible in the background?,There is a leafy background behind her.
dataset_images/pexels_person_1_1.jpg,https://images.pexels.com/photos/36794535/pexels-photo-36794535.png?auto=compress&cs=tinysrgb&h=650&w=940,pexels,person,young woman in red blouse smiling indoors with leafy background.,4,What is the woman doing?,She is smiling.
dataset_images/pexels_person_1_1.jpg,https://images.pexels.com/photos/36794535/pexels-photo-36794535.png?auto=compress&cs=tinysrgb&h=650&w=940,pexels,person,young woman in red blouse smiling indoors with leafy background.,5,How would you describe the woman's appearance?,"She is a young woman with a smile, wearing a red blouse."
dataset_images/pexels_person_1_2.jpg,https://images.pexels.com/photos/2117283/pexels-photo-2117283.jpeg?auto=compress&cs=tinysrgb&h=650&w=940,pexels,person,"close-up portrait of a young man wearing eyeglasses, smiling against a black background.",1,Is the man wearing glasses?,"Yes, he is wearing eyeglasses."
dataset_images/pexels_person_1_2.jpg,https://images.pexels.com/photos/2117283/pexels-photo-2117283.jpeg?auto=compress&cs=tinysrgb&h=650&w=940,pexels,person,"close-up portrait of a young man wearing eyeglasses, smiling against a black background.",2,What is the background color in the image?,The background is black.
dataset_images/pexels_person_1_2.jpg,https://images.pexels.com/photos/2117283/pexels-photo-2117283.jpeg?auto=compress&cs=tinysrgb&h=650&w=940,pexels,person,"close-up portrait of a young man wearing eyeglasses, smiling against a black background.",3,What is the man's expression?,He is smiling.
dataset_images/pexels_person_1_2.jpg,https://images.pexels.com/photos/2117283/pexels-photo-2117283.jpeg?auto=compress&cs=tinysrgb&h=650&w=940,pexels,person,"close-up portrait of a young man wearing eyeglasses, smiling against a black background.",4,How close is the camera to the subject?,It is a close-up portrait.
dataset_images/pexels_person_1_2.jpg,https://images.pexels.com/photos/2117283/pexels-photo-2117283.jpeg?auto=compress&cs=tinysrgb&h=650&w=940,pexels,person,"close-up portrait of a young man wearing eyeglasses, smiling against a black background.",5,How old does the man appear?,He appears to be a young man.
dataset_images/pexels_person_1_3.jpg,https://images.pexels.com/photos/14004620/pexels-photo-14004620.jpeg?auto=compress&cs=tinysrgb&h=650&w=940,pexels,person,"close-up portrait of a mature asian man with a beard in an indoor setting, conveying calmness and thoughtfulness.",1,What is the ethnicity of the man in the image?,He appears to be Asian.
dataset_images/pexels_person_1_3.jpg,https://images.pexels.com/photos/14004620/pexels-photo-14004620.jpeg?auto=compress&cs=tinysrgb&h=650&w=940,pexels,person,"close-up portrait of a mature asian man with a beard in an indoor setting, conveying calmness and thoughtfulness.",2,Does the man have a beard?,"Yes, he has a beard."
dataset_images/pexels_person_1_3.jpg,https://images.pexels.com/photos/14004620/pexels-photo-14004620.jpeg?auto=compress&cs=tinysrgb&h=650&w=940,pexels,person,"close-up portrait of a mature asian man with a beard in an indoor setting, conveying calmness and thoughtfulness.",3,Where was the photo taken?,It was taken indoors.
dataset_images/pexels_person_1_3.jpg,https://images.pexels.com/photos/14004620/pexels-photo-14004620.jpeg?auto=compress&cs=tinysrgb&h=650&w=940,pexels,person,"close-up portrait of a mature asian man with a beard in an indoor setting, conveying calmness and thoughtfulness.",4,What emotion does the man convey?,He conveys calmness and thoughtfulness.
dataset_images/pexels_person_1_3.jpg,https://images.pexels.com/photos/14004620/pexels-photo-14004620.jpeg?auto=compress&cs=tinysrgb&h=650&w=940,pexels,person,"close-up portrait of a mature asian man with a beard in an indoor setting, conveying calmness and thoughtfulness.",5,Is this a close-up or full-body portrait?,It is a close-up portrait.
dataset_images/pexels_person_1_4.jpg,https://images.pexels.com/photos/11463528/pexels-photo-11463528.jpeg?auto=compress&cs=tinysrgb&h=650&w=940,pexels,person,indian man striking a pose with arm raised in a studio setting.,1,What is the man doing in the image?,He is striking a pose with his arm raised.
dataset_images/pexels_person_1_4.jpg,https://images.pexels.com/photos/11463528/pexels-photo-11463528.jpeg?auto=compress&cs=tinysrgb&h=650&w=940,pexels,person,indian man striking a pose with arm raised in a studio setting.,2,Where was the photo taken?,It was taken in a studio setting.
dataset_images/pexels_person_1_4.jpg,https://images.pexels.com/photos/11463528/pexels-photo-11463528.jpeg?auto=compress&cs=tinysrgb&h=650&w=940,pexels,person,indian man striking a pose with arm raised in a studio setting.,3,What is the man's ethnicity?,He appears to be Indian.
dataset_images/pexels_person_1_4.jpg,https://images.pexels.com/photos/11463528/pexels-photo-11463528.jpeg?auto=compress&cs=tinysrgb&h=650&w=940,pexels,person,indian man striking a pose with arm raised in a studio setting.,4,Is this an indoor or outdoor photo?,It is an indoor (studio) photo.
dataset_images/pexels_person_1_4.jpg,https://images.pexels.com/photos/11463528/pexels-photo-11463528.jpeg?auto=compress&cs=tinysrgb&h=650&w=940,pexels,person,indian man striking a pose with arm raised in a studio setting.,5,How would you describe the overall mood of the image?,"The image has a dynamic, confident mood."
dataset_images/pexels_person_1_5.jpg,https://images.pexels.com/photos/29491346/pexels-photo-29491346.jpeg?auto=compress&cs=tinysrgb&h=650&w=940,pexels,person,smiling young woman with long hair in a casual lavender shirt posing confidently.,1,What color shirt is the woman wearing?,She is wearing a lavender shirt.
dataset_images/pexels_person_1_5.jpg,https://images.pexels.com/photos/29491346/pexels-photo-29491346.jpeg?auto=compress&cs=tinysrgb&h=650&w=940,pexels,person,smiling young woman with long hair in a casual lavender shirt posing confidently.,2,How would you describe the woman's hair?,She has long hair.
dataset_images/pexels_person_1_5.jpg,https://images.pexels.com/photos/29491346/pexels-photo-29491346.jpeg?auto=compress&cs=tinysrgb&h=650&w=940,pexels,person,smiling young woman with long hair in a casual lavender shirt posing confidently.,3,What is the woman's expression?,She is smiling.
dataset_images/pexels_person_1_5.jpg,https://images.pexels.com/photos/29491346/pexels-photo-29491346.jpeg?auto=compress&cs=tinysrgb&h=650&w=940,pexels,person,smiling young woman with long hair in a casual lavender shirt posing confidently.,4,How does the woman pose?,She poses confidently.
dataset_images/pexels_person_1_5.jpg,https://images.pexels.com/photos/29491346/pexels-photo-29491346.jpeg?auto=compress&cs=tinysrgb&h=650&w=940,pexels,person,smiling young woman with long hair in a casual lavender shirt posing confidently.,5,Is the woman's outfit formal or casual?,Her outfit is casual.
dataset_images/pexels_person_1_6.jpg,https://images.pexels.com/photos/6723318/pexels-photo-6723318.jpeg?auto=compress&cs=tinysrgb&h=650&w=940,pexels,person,"black and white portrait of a thoughtful man with stylish hair, holding eyeglasses.",1,Is the image in color?,"No, it is a black and white portrait."
dataset_images/pexels_person_1_6.jpg,https://images.pexels.com/photos/6723318/pexels-photo-6723318.jpeg?auto=compress&cs=tinysrgb&h=650&w=940,pexels,person,"black and white portrait of a thoughtful man with stylish hair, holding eyeglasses.",2,What is the man holding?,He is holding eyeglasses.
dataset_images/pexels_person_1_6.jpg,https://images.pexels.com/photos/6723318/pexels-photo-6723318.jpeg?auto=compress&cs=tinysrgb&h=650&w=940,pexels,person,"black and white portrait of a thoughtful man with stylish hair, holding eyeglasses.",3,How would you describe the man's hair?,He has stylish hair.
dataset_images/pexels_person_1_6.jpg,https://images.pexels.com/photos/6723318/pexels-photo-6723318.jpeg?auto=compress&cs=tinysrgb&h=650&w=940,pexels,person,"black and white portrait of a thoughtful man with stylish hair, holding eyeglasses.",4,What is the man's expression?,He looks thoughtful.
dataset_images/pexels_person_1_6.jpg,https://images.pexels.com/photos/6723318/pexels-photo-6723318.jpeg?auto=compress&cs=tinysrgb&h=650&w=940,pexels,person,"black and white portrait of a thoughtful man with stylish hair, holding eyeglasses.",5,What type of portrait is this?,It is a black and white portrait of a thoughtful man.
dataset_images/pexels_person_1_7.jpg,https://images.pexels.com/photos/37096877/pexels-photo-37096877.jpeg?auto=compress&cs=tinysrgb&h=650&w=940,pexels,person,portrait of a confident man in a casual blue plaid shirt standing indoors with arms crossed.,1,What type of shirt is the man wearing?,He is wearing a casual blue plaid shirt.
dataset_images/pexels_person_1_7.jpg,https://images.pexels.com/photos/37096877/pexels-photo-37096877.jpeg?auto=compress&cs=tinysrgb&h=650&w=940,pexels,person,portrait of a confident man in a casual blue plaid shirt standing indoors with arms crossed.,2,What is the man's posture?,He is standing with his arms crossed.
dataset_images/pexels_person_1_7.jpg,https://images.pexels.com/photos/37096877/pexels-photo-37096877.jpeg?auto=compress&cs=tinysrgb&h=650&w=940,pexels,person,portrait of a confident man in a casual blue plaid shirt standing indoors with arms crossed.,3,Where was the photo taken?,It was taken indoors.
dataset_images/pexels_person_1_7.jpg,https://images.pexels.com/photos/37096877/pexels-photo-37096877.jpeg?auto=compress&cs=tinysrgb&h=650&w=940,pexels,person,portrait of a confident man in a casual blue plaid shirt standing indoors with arms crossed.,4,How does the man appear?,He appears confident.
dataset_images/pexels_person_1_7.jpg,https://images.pexels.com/photos/37096877/pexels-photo-37096877.jpeg?auto=compress&cs=tinysrgb&h=650&w=940,pexels,person,portrait of a confident man in a casual blue plaid shirt standing indoors with arms crossed.,5,Is this a full-body or upper-body portrait?,It appears to be an upper-body portrait.
dataset_images/pexels_person_1_8.jpg,https://images.pexels.com/photos/33955748/pexels-photo-33955748.jpeg?auto=compress&cs=tinysrgb&h=650&w=940,pexels,person,young man in floral shirt and vest smiling confidently with arms crossed.,1,What type of shirt is the man wearing?,He is wearing a floral shirt and vest.
dataset_images/pexels_person_1_8.jpg,https://images.pexels.com/photos/33955748/pexels-photo-33955748.jpeg?auto=compress&cs=tinysrgb&h=650&w=940,pexels,person,young man in floral shirt and vest smiling confidently with arms crossed.,2,What is the man's expression?,He is smiling confidently.
dataset_images/pexels_person_1_8.jpg,https://images.pexels.com/photos/33955748/pexels-photo-33955748.jpeg?auto=compress&cs=tinysrgb&h=650&w=940,pexels,person,young man in floral shirt and vest smiling confidently with arms crossed.,3,What is his posture?,His arms are crossed.
dataset_images/pexels_person_1_8.jpg,https://images.pexels.com/photos/33955748/pexels-photo-33955748.jpeg?auto=compress&cs=tinysrgb&h=650&w=940,pexels,person,young man in floral shirt and vest smiling confidently with arms crossed.,4,How old does the man appear?,He appears to be a young man.
dataset_images/pexels_person_1_8.jpg,https://images.pexels.com/photos/33955748/pexels-photo-33955748.jpeg?auto=compress&cs=tinysrgb&h=650&w=940,pexels,person,young man in floral shirt and vest smiling confidently with arms crossed.,5,How would you describe the overall mood?,The image has a confident and cheerful mood.
dataset_images/pexels_person_1_9.jpg,https://images.pexels.com/photos/35605777/pexels-photo-35605777.jpeg?auto=compress&cs=tinysrgb&h=650&w=940,pexels,person,casual portrait of a smiling man wearing a white shirt and a cap in black and white.,1,Is the image in color?,"No, it is a black and white image."
dataset_images/pexels_person_1_9.jpg,https://images.pexels.com/photos/35605777/pexels-photo-35605777.jpeg?auto=compress&cs=tinysrgb&h=650&w=940,pexels,person,casual portrait of a smiling man wearing a white shirt and a cap in black and white.,2,What is the man wearing on his head?,He is wearing a cap.
dataset_images/pexels_person_1_9.jpg,https://images.pexels.com/photos/35605777/pexels-photo-35605777.jpeg?auto=compress&cs=tinysrgb&h=650&w=940,pexels,person,casual portrait of a smiling man wearing a white shirt and a cap in black and white.,3,What color shirt is the man wearing?,He is wearing a white shirt.
dataset_images/pexels_person_1_9.jpg,https://images.pexels.com/photos/35605777/pexels-photo-35605777.jpeg?auto=compress&cs=tinysrgb&h=650&w=940,pexels,person,casual portrait of a smiling man wearing a white shirt and a cap in black and white.,4,What is the man's expression?,He is smiling.
dataset_images/pexels_person_1_9.jpg,https://images.pexels.com/photos/35605777/pexels-photo-35605777.jpeg?auto=compress&cs=tinysrgb&h=650&w=940,pexels,person,casual portrait of a smiling man wearing a white shirt and a cap in black and white.,5,How would you describe the portrait style?,It is a casual black and white portrait.
dataset_images/pexels_person_1_10.jpg,https://images.pexels.com/photos/37079405/pexels-photo-37079405.jpeg?auto=compress&cs=tinysrgb&h=650&w=940,pexels,person,portrait of a smiling man in a black shirt standing against a neutral background indoors.,1,What color shirt is the man wearing?,He is wearing a black shirt.
dataset_images/pexels_person_1_10.jpg,https://images.pexels.com/photos/37079405/pexels-photo-37079405.jpeg?auto=compress&cs=tinysrgb&h=650&w=940,pexels,person,portrait of a smiling man in a black shirt standing against a neutral background indoors.,2,What is the man's expression?,He is smiling.
dataset_images/pexels_person_1_10.jpg,https://images.pexels.com/photos/37079405/pexels-photo-37079405.jpeg?auto=compress&cs=tinysrgb&h=650&w=940,pexels,person,portrait of a smiling man in a black shirt standing against a neutral background indoors.,3,What is the background like?,The background is neutral and plain.
dataset_images/pexels_person_1_10.jpg,https://images.pexels.com/photos/37079405/pexels-photo-37079405.jpeg?auto=compress&cs=tinysrgb&h=650&w=940,pexels,person,portrait of a smiling man in a black shirt standing against a neutral background indoors.,4,Where was this photo taken?,It was taken indoors.
dataset_images/pexels_person_1_10.jpg,https://images.pexels.com/photos/37079405/pexels-photo-37079405.jpeg?auto=compress&cs=tinysrgb&h=650&w=940,pexels,person,portrait of a smiling man in a black shirt standing against a neutral background indoors.,5,How would you describe the man's overall appearance?,He appears friendly and approachable.
dataset_images/pexels_person_1_11.jpg,https://images.pexels.com/photos/5101286/pexels-photo-5101286.jpeg?auto=compress&cs=tinysrgb&h=650&w=940,pexels,person,monochrome close-up portrait of a man in a beanie and scarf looking directly at the camera,1,What is the man wearing on his head?,He is wearing a beanie.
dataset_images/pexels_person_1_11.jpg,https://images.pexels.com/photos/5101286/pexels-photo-5101286.jpeg?auto=compress&cs=tinysrgb&h=650&w=940,pexels,person,monochrome close-up portrait of a man in a beanie and scarf looking directly at the camera,2,What is the man also wearing around his neck?,He is wearing a scarf.
dataset_images/pexels_person_1_11.jpg,https://images.pexels.com/photos/5101286/pexels-photo-5101286.jpeg?auto=compress&cs=tinysrgb&h=650&w=940,pexels,person,monochrome close-up portrait of a man in a beanie and scarf looking directly at the camera,3,Is the image in color?,"No, it is a monochrome (black and white) image."
dataset_images/pexels_person_1_11.jpg,https://images.pexels.com/photos/5101286/pexels-photo-5101286.jpeg?auto=compress&cs=tinysrgb&h=650&w=940,pexels,person,monochrome close-up portrait of a man in a beanie and scarf looking directly at the camera,4,How is the man looking at the camera?,He is looking directly at the camera.
dataset_images/pexels_person_1_11.jpg,https://images.pexels.com/photos/5101286/pexels-photo-5101286.jpeg?auto=compress&cs=tinysrgb&h=650&w=940,pexels,person,monochrome close-up portrait of a man in a beanie and scarf looking directly at the camera,5,How close is the shot?,It is a close-up portrait.
dataset_images/pexels_person_1_12.jpg,https://images.pexels.com/photos/14520480/pexels-photo-14520480.jpeg?auto=compress&cs=tinysrgb&h=650&w=940,pexels,person,"close-up portrait of a young man with facial hair and eyeglasses, indoors with ambient lighting.",1,Does the man have facial hair?,"Yes, he has facial hair."
dataset_images/pexels_person_1_12.jpg,https://images.pexels.com/photos/14520480/pexels-photo-14520480.jpeg?auto=compress&cs=tinysrgb&h=650&w=940,pexels,person,"close-up portrait of a young man with facial hair and eyeglasses, indoors with ambient lighting.",2,Is the man wearing glasses?,"Yes, he is wearing eyeglasses."
dataset_images/pexels_person_1_12.jpg,https://images.pexels.com/photos/14520480/pexels-photo-14520480.jpeg?auto=compress&cs=tinysrgb&h=650&w=940,pexels,person,"close-up portrait of a young man with facial hair and eyeglasses, indoors with ambient lighting.",3,How is the lighting in the image?,The lighting is ambient.
dataset_images/pexels_person_1_12.jpg,https://images.pexels.com/photos/14520480/pexels-photo-14520480.jpeg?auto=compress&cs=tinysrgb&h=650&w=940,pexels,person,"close-up portrait of a young man with facial hair and eyeglasses, indoors with ambient lighting.",4,Where was the photo taken?,It was taken indoors.
dataset_images/pexels_person_1_12.jpg,https://images.pexels.com/photos/14520480/pexels-photo-14520480.jpeg?auto=compress&cs=tinysrgb&h=650&w=940,pexels,person,"close-up portrait of a young man with facial hair and eyeglasses, indoors with ambient lighting.",5,Is this a close-up portrait?,"Yes, it is a close-up portrait."
dataset_images/pexels_person_1_13.jpg,https://images.pexels.com/photos/11556143/pexels-photo-11556143.jpeg?auto=compress&cs=tinysrgb&h=650&w=940,pexels,person,black and white portrait of a smiling woman in a white shirt indoors.,1,Is the image in color?,"No, it is a black and white image."
dataset_images/pexels_person_1_13.jpg,https://images.pexels.com/photos/11556143/pexels-photo-11556143.jpeg?auto=compress&cs=tinysrgb&h=650&w=940,pexels,person,black and white portrait of a smiling woman in a white shirt indoors.,2,What is the woman wearing?,She is wearing a white shirt.
dataset_images/pexels_person_1_13.jpg,https://images.pexels.com/photos/11556143/pexels-photo-11556143.jpeg?auto=compress&cs=tinysrgb&h=650&w=940,pexels,person,black and white portrait of a smiling woman in a white shirt indoors.,3,What is the woman's expression?,She is smiling.
dataset_images/pexels_person_1_13.jpg,https://images.pexels.com/photos/11556143/pexels-photo-11556143.jpeg?auto=compress&cs=tinysrgb&h=650&w=940,pexels,person,black and white portrait of a smiling woman in a white shirt indoors.,4,Where was the photo taken?,It was taken indoors.
dataset_images/pexels_person_1_13.jpg,https://images.pexels.com/photos/11556143/pexels-photo-11556143.jpeg?auto=compress&cs=tinysrgb&h=650&w=940,pexels,person,black and white portrait of a smiling woman in a white shirt indoors.,5,What gender is the subject?,The subject is a woman.
dataset_images/pexels_person_1_14.jpg,https://images.pexels.com/photos/37218530/pexels-photo-37218530.jpeg?auto=compress&cs=tinysrgb&h=650&w=940,pexels,person,portrait of a confident man sitting on a stool against a textured dark background.,1,What is the man sitting on?,He is sitting on a stool.
dataset_images/pexels_person_1_14.jpg,https://images.pexels.com/photos/37218530/pexels-photo-37218530.jpeg?auto=compress&cs=tinysrgb&h=650&w=940,pexels,person,portrait of a confident man sitting on a stool against a textured dark background.,2,How would you describe the background?,The background is textured and dark.
dataset_images/pexels_person_1_14.jpg,https://images.pexels.com/photos/37218530/pexels-photo-37218530.jpeg?auto=compress&cs=tinysrgb&h=650&w=940,pexels,person,portrait of a confident man sitting on a stool against a textured dark background.,3,How does the man appear?,He appears confident.
dataset_images/pexels_person_1_14.jpg,https://images.pexels.com/photos/37218530/pexels-photo-37218530.jpeg?auto=compress&cs=tinysrgb&h=650&w=940,pexels,person,portrait of a confident man sitting on a stool against a textured dark background.,4,Is this an indoor or outdoor photo?,It is an indoor photo.
dataset_images/pexels_person_1_14.jpg,https://images.pexels.com/photos/37218530/pexels-photo-37218530.jpeg?auto=compress&cs=tinysrgb&h=650&w=940,pexels,person,portrait of a confident man sitting on a stool against a textured dark background.,5,What type of portrait is this?,It is a full or upper-body seated portrait.
dataset_images/pexels_person_1_15.jpg,https://images.pexels.com/photos/36438543/pexels-photo-36438543.jpeg?auto=compress&cs=tinysrgb&h=650&w=940,pexels,person,a man in casual attire smiles warmly while leaning on a railing outdoors.,1,What is the man doing?,He is leaning on a railing and smiling warmly.
dataset_images/pexels_person_1_15.jpg,https://images.pexels.com/photos/36438543/pexels-photo-36438543.jpeg?auto=compress&cs=tinysrgb&h=650&w=940,pexels,person,a man in casual attire smiles warmly while leaning on a railing outdoors.,2,Is this an indoor or outdoor photo?,It is an outdoor photo.
dataset_images/pexels_person_1_15.jpg,https://images.pexels.com/photos/36438543/pexels-photo-36438543.jpeg?auto=compress&cs=tinysrgb&h=650&w=940,pexels,person,a man in casual attire smiles warmly while leaning on a railing outdoors.,3,How would you describe the man's attire?,He is wearing casual attire.
dataset_images/pexels_person_1_15.jpg,https://images.pexels.com/photos/36438543/pexels-photo-36438543.jpeg?auto=compress&cs=tinysrgb&h=650&w=940,pexels,person,a man in casual attire smiles warmly while leaning on a railing outdoors.,4,What is the man's expression?,He has a warm smile.
dataset_images/pexels_person_1_15.jpg,https://images.pexels.com/photos/36438543/pexels-photo-36438543.jpeg?auto=compress&cs=tinysrgb&h=650&w=940,pexels,person,a man in casual attire smiles warmly while leaning on a railing outdoors.,5,What object is the man leaning on?,He is leaning on a railing.
dataset_images/pexels_person_1_16.jpg,https://images.pexels.com/photos/31430969/pexels-photo-31430969.jpeg?auto=compress&cs=tinysrgb&h=650&w=940,pexels,person,a candid black and white portrait of an adult woman smiling outdoors.,1,Is the image in color?,"No, it is a black and white image."
dataset_images/pexels_person_1_16.jpg,https://images.pexels.com/photos/31430969/pexels-photo-31430969.jpeg?auto=compress&cs=tinysrgb&h=650&w=940,pexels,person,a candid black and white portrait of an adult woman smiling outdoors.,2,Is this a posed or candid photo?,It is a candid photo.
dataset_images/pexels_person_1_16.jpg,https://images.pexels.com/photos/31430969/pexels-photo-31430969.jpeg?auto=compress&cs=tinysrgb&h=650&w=940,pexels,person,a candid black and white portrait of an adult woman smiling outdoors.,3,What is the woman's expression?,She is smiling.
dataset_images/pexels_person_1_16.jpg,https://images.pexels.com/photos/31430969/pexels-photo-31430969.jpeg?auto=compress&cs=tinysrgb&h=650&w=940,pexels,person,a candid black and white portrait of an adult woman smiling outdoors.,4,Where was the photo taken?,It was taken outdoors.
dataset_images/pexels_person_1_16.jpg,https://images.pexels.com/photos/31430969/pexels-photo-31430969.jpeg?auto=compress&cs=tinysrgb&h=650&w=940,pexels,person,a candid black and white portrait of an adult woman smiling outdoors.,5,How old does the woman appear?,She appears to be an adult.
dataset_images/pexels_person_1_17.jpg,https://images.pexels.com/photos/26926726/pexels-photo-26926726.jpeg?auto=compress&cs=tinysrgb&h=650&w=940,pexels,person,"bearded man wearing eyeglasses and a slogan sweater, looking thoughtful indoors.",1,Does the man have a beard?,"Yes, he has a beard."
dataset_images/pexels_person_1_17.jpg,https://images.pexels.com/photos/26926726/pexels-photo-26926726.jpeg?auto=compress&cs=tinysrgb&h=650&w=940,pexels,person,"bearded man wearing eyeglasses and a slogan sweater, looking thoughtful indoors.",2,Is the man wearing glasses?,"Yes, he is wearing eyeglasses."
dataset_images/pexels_person_1_17.jpg,https://images.pexels.com/photos/26926726/pexels-photo-26926726.jpeg?auto=compress&cs=tinysrgb&h=650&w=940,pexels,person,"bearded man wearing eyeglasses and a slogan sweater, looking thoughtful indoors.",3,What is the man wearing?,He is wearing a slogan sweater.
dataset_images/pexels_person_1_17.jpg,https://images.pexels.com/photos/26926726/pexels-photo-26926726.jpeg?auto=compress&cs=tinysrgb&h=650&w=940,pexels,person,"bearded man wearing eyeglasses and a slogan sweater, looking thoughtful indoors.",4,What is the man's expression?,He looks thoughtful.
dataset_images/pexels_person_1_17.jpg,https://images.pexels.com/photos/26926726/pexels-photo-26926726.jpeg?auto=compress&cs=tinysrgb&h=650&w=940,pexels,person,"bearded man wearing eyeglasses and a slogan sweater, looking thoughtful indoors.",5,Where was the photo taken?,It was taken indoors.
dataset_images/pexels_person_1_18.jpg,https://images.pexels.com/photos/12639452/pexels-photo-12639452.jpeg?auto=compress&cs=tinysrgb&h=650&w=940,pexels,person,portrait of a smiling bald man wearing glasses and a black t-shirt against a neutral background.,1,Does the man have hair?,"No, he is bald."
dataset_images/pexels_person_1_18.jpg,https://images.pexels.com/photos/12639452/pexels-photo-12639452.jpeg?auto=compress&cs=tinysrgb&h=650&w=940,pexels,person,portrait of a smiling bald man wearing glasses and a black t-shirt against a neutral background.,2,Is the man wearing glasses?,"Yes, he is wearing glasses."
dataset_images/pexels_person_1_18.jpg,https://images.pexels.com/photos/12639452/pexels-photo-12639452.jpeg?auto=compress&cs=tinysrgb&h=650&w=940,pexels,person,portrait of a smiling bald man wearing glasses and a black t-shirt against a neutral background.,3,What color shirt is the man wearing?,He is wearing a black t-shirt.
dataset_images/pexels_person_1_18.jpg,https://images.pexels.com/photos/12639452/pexels-photo-12639452.jpeg?auto=compress&cs=tinysrgb&h=650&w=940,pexels,person,portrait of a smiling bald man wearing glasses and a black t-shirt against a neutral background.,4,What is the man's expression?,He is smiling.
dataset_images/pexels_person_1_18.jpg,https://images.pexels.com/photos/12639452/pexels-photo-12639452.jpeg?auto=compress&cs=tinysrgb&h=650&w=940,pexels,person,portrait of a smiling bald man wearing glasses and a black t-shirt against a neutral background.,5,How would you describe the background?,The background is neutral and plain.
dataset_images/pexels_person_1_19.jpg,https://images.pexels.com/photos/37308610/pexels-photo-37308610.jpeg?auto=compress&cs=tinysrgb&h=650&w=940,pexels,person,black and white portrait of a smiling person wearing sunglasses and framing face with hands.,1,Is the image in color?,"No, it is a black and white image."
dataset_images/pexels_person_1_19.jpg,https://images.pexels.com/photos/37308610/pexels-photo-37308610.jpeg?auto=compress&cs=tinysrgb&h=650&w=940,pexels,person,black and white portrait of a smiling person wearing sunglasses and framing face with hands.,2,What is the person wearing on their face?,They are wearing sunglasses.
dataset_images/pexels_person_1_19.jpg,https://images.pexels.com/photos/37308610/pexels-photo-37308610.jpeg?auto=compress&cs=tinysrgb&h=650&w=940,pexels,person,black and white portrait of a smiling person wearing sunglasses and framing face with hands.,3,What is the person doing with their hands?,They are framing their face with their hands.
dataset_images/pexels_person_1_19.jpg,https://images.pexels.com/photos/37308610/pexels-photo-37308610.jpeg?auto=compress&cs=tinysrgb&h=650&w=940,pexels,person,black and white portrait of a smiling person wearing sunglasses and framing face with hands.,4,What is the person's expression?,They are smiling.
dataset_images/pexels_person_1_19.jpg,https://images.pexels.com/photos/37308610/pexels-photo-37308610.jpeg?auto=compress&cs=tinysrgb&h=650&w=940,pexels,person,black and white portrait of a smiling person wearing sunglasses and framing face with hands.,5,How would you describe this portrait?,It is a playful black and white portrait.
dataset_images/pexels_person_2_1.jpg,https://images.pexels.com/photos/31388937/pexels-photo-31388937.jpeg?auto=compress&cs=tinysrgb&h=650&w=940,pexels,person,smiling man in hoodie standing confidently in brightly lit hallway.,1,What is the man wearing?,He is wearing a hoodie.
dataset_images/pexels_person_2_1.jpg,https://images.pexels.com/photos/31388937/pexels-photo-31388937.jpeg?auto=compress&cs=tinysrgb&h=650&w=940,pexels,person,smiling man in hoodie standing confidently in brightly lit hallway.,2,What is the man's expression?,He is smiling confidently.
dataset_images/pexels_person_2_1.jpg,https://images.pexels.com/photos/31388937/pexels-photo-31388937.jpeg?auto=compress&cs=tinysrgb&h=650&w=940,pexels,person,smiling man in hoodie standing confidently in brightly lit hallway.,3,Where was the photo taken?,It was taken in a brightly lit hallway.
dataset_images/pexels_person_2_1.jpg,https://images.pexels.com/photos/31388937/pexels-photo-31388937.jpeg?auto=compress&cs=tinysrgb&h=650&w=940,pexels,person,smiling man in hoodie standing confidently in brightly lit hallway.,4,How does the man stand?,He is standing confidently.
dataset_images/pexels_person_2_1.jpg,https://images.pexels.com/photos/31388937/pexels-photo-31388937.jpeg?auto=compress&cs=tinysrgb&h=650&w=940,pexels,person,smiling man in hoodie standing confidently in brightly lit hallway.,5,Is this an indoor or outdoor photo?,It is an indoor photo.
dataset_images/pexels_person_2_2.jpg,https://images.pexels.com/photos/30036566/pexels-photo-30036566.jpeg?auto=compress&cs=tinysrgb&h=650&w=940,pexels,person,"black and white portrait of a bearded man in glasses, posing indoors.",1,Does the man have a beard?,"Yes, he has a beard."
dataset_images/pexels_person_2_2.jpg,https://images.pexels.com/photos/30036566/pexels-photo-30036566.jpeg?auto=compress&cs=tinysrgb&h=650&w=940,pexels,person,"black and white portrait of a bearded man in glasses, posing indoors.",2,Is the man wearing glasses?,"Yes, he is wearing glasses."
dataset_images/pexels_person_2_2.jpg,https://images.pexels.com/photos/30036566/pexels-photo-30036566.jpeg?auto=compress&cs=tinysrgb&h=650&w=940,pexels,person,"black and white portrait of a bearded man in glasses, posing indoors.",3,Is the image in color?,"No, it is a black and white image."
dataset_images/pexels_person_2_2.jpg,https://images.pexels.com/photos/30036566/pexels-photo-30036566.jpeg?auto=compress&cs=tinysrgb&h=650&w=940,pexels,person,"black and white portrait of a bearded man in glasses, posing indoors.",4,Where was the photo taken?,It was taken indoors.
dataset_images/pexels_person_2_2.jpg,https://images.pexels.com/photos/30036566/pexels-photo-30036566.jpeg?auto=compress&cs=tinysrgb&h=650&w=940,pexels,person,"black and white portrait of a bearded man in glasses, posing indoors.",5,How would you describe the man's pose?,He is posing for a portrait.
dataset_images/pexels_person_2_3.jpg,https://images.pexels.com/photos/4440026/pexels-photo-4440026.png?auto=compress&cs=tinysrgb&h=650&w=940,pexels,person,a striking black and white portrait of an indian man captured in thoughtful expression.,1,Is the image in color?,"No, it is a black and white image."
dataset_images/pexels_person_2_3.jpg,https://images.pexels.com/photos/4440026/pexels-photo-4440026.png?auto=compress&cs=tinysrgb&h=650&w=940,pexels,person,a striking black and white portrait of an indian man captured in thoughtful expression.,2,What is the man's ethnicity?,He appears to be Indian.
dataset_images/pexels_person_2_3.jpg,https://images.pexels.com/photos/4440026/pexels-photo-4440026.png?auto=compress&cs=tinysrgb&h=650&w=940,pexels,person,a striking black and white portrait of an indian man captured in thoughtful expression.,3,What is the man's expression?,He has a thoughtful expression.
dataset_images/pexels_person_2_3.jpg,https://images.pexels.com/photos/4440026/pexels-photo-4440026.png?auto=compress&cs=tinysrgb&h=650&w=940,pexels,person,a striking black and white portrait of an indian man captured in thoughtful expression.,4,How would you describe this portrait?,It is a striking black and white portrait.
dataset_images/pexels_person_2_3.jpg,https://images.pexels.com/photos/4440026/pexels-photo-4440026.png?auto=compress&cs=tinysrgb&h=650&w=940,pexels,person,a striking black and white portrait of an indian man captured in thoughtful expression.,5,Is this a close-up or wide shot?,It appears to be a close or medium portrait shot.
dataset_images/pexels_person_2_4.jpg,https://images.pexels.com/photos/36862173/pexels-photo-36862173.jpeg?auto=compress&cs=tinysrgb&h=650&w=940,pexels,person,portrait of a smiling young man outdoors with cloudy sky background.,1,What is the man's expression?,He is smiling.
dataset_images/pexels_person_2_4.jpg,https://images.pexels.com/photos/36862173/pexels-photo-36862173.jpeg?auto=compress&cs=tinysrgb&h=650&w=940,pexels,person,portrait of a smiling young man outdoors with cloudy sky background.,2,Is this an indoor or outdoor photo?,It is an outdoor photo.
dataset_images/pexels_person_2_4.jpg,https://images.pexels.com/photos/36862173/pexels-photo-36862173.jpeg?auto=compress&cs=tinysrgb&h=650&w=940,pexels,person,portrait of a smiling young man outdoors with cloudy sky background.,3,What is visible in the background?,A cloudy sky is visible in the background.
dataset_images/pexels_person_2_4.jpg,https://images.pexels.com/photos/36862173/pexels-photo-36862173.jpeg?auto=compress&cs=tinysrgb&h=650&w=940,pexels,person,portrait of a smiling young man outdoors with cloudy sky background.,4,How old does the man appear?,He appears to be a young man.
dataset_images/pexels_person_2_4.jpg,https://images.pexels.com/photos/36862173/pexels-photo-36862173.jpeg?auto=compress&cs=tinysrgb&h=650&w=940,pexels,person,portrait of a smiling young man outdoors with cloudy sky background.,5,How would you describe the mood of the image?,The image has a cheerful and casual mood.
dataset_images/pexels_person_2_5.jpg,https://images.pexels.com/photos/11576669/pexels-photo-11576669.jpeg?auto=compress&cs=tinysrgb&h=650&w=940,pexels,person,a young man wearing eyeglasses stands outdoors in a blue jacket.,1,Is the man wearing glasses?,"Yes, he is wearing eyeglasses."
dataset_images/pexels_person_2_5.jpg,https://images.pexels.com/photos/11576669/pexels-photo-11576669.jpeg?auto=compress&cs=tinysrgb&h=650&w=940,pexels,person,a young man wearing eyeglasses stands outdoors in a blue jacket.,2,Where was the photo taken?,It was taken outdoors.
dataset_images/pexels_person_2_5.jpg,https://images.pexels.com/photos/11576669/pexels-photo-11576669.jpeg?auto=compress&cs=tinysrgb&h=650&w=940,pexels,person,a young man wearing eyeglasses stands outdoors in a blue jacket.,3,What color jacket is the man wearing?,He is wearing a blue jacket.
dataset_images/pexels_person_2_5.jpg,https://images.pexels.com/photos/11576669/pexels-photo-11576669.jpeg?auto=compress&cs=tinysrgb&h=650&w=940,pexels,person,a young man wearing eyeglasses stands outdoors in a blue jacket.,4,How old does the man appear?,He appears to be a young man.
dataset_images/pexels_person_2_5.jpg,https://images.pexels.com/photos/11576669/pexels-photo-11576669.jpeg?auto=compress&cs=tinysrgb&h=650&w=940,pexels,person,a young man wearing eyeglasses stands outdoors in a blue jacket.,5,Is this a full-body or upper-body shot?,It appears to be an upper-body shot.
dataset_images/pexels_person_2_6.jpg,https://images.pexels.com/photos/30034936/pexels-photo-30034936.jpeg?auto=compress&cs=tinysrgb&h=650&w=940,pexels,person,monochrome studio portrait of a stylish bearded man in casual attire with a confident smile.,1,Does the man have a beard?,"Yes, he has a beard."
dataset_images/pexels_person_2_6.jpg,https://images.pexels.com/photos/30034936/pexels-photo-30034936.jpeg?auto=compress&cs=tinysrgb&h=650&w=940,pexels,person,monochrome studio portrait of a stylish bearded man in casual attire with a confident smile.,2,Is the image in color?,"No, it is a monochrome (black and white) image."
dataset_images/pexels_person_2_6.jpg,https://images.pexels.com/photos/30034936/pexels-photo-30034936.jpeg?auto=compress&cs=tinysrgb&h=650&w=940,pexels,person,monochrome studio portrait of a stylish bearded man in casual attire with a confident smile.,3,Where was the photo taken?,It was taken in a studio.
dataset_images/pexels_person_2_6.jpg,https://images.pexels.com/photos/30034936/pexels-photo-30034936.jpeg?auto=compress&cs=tinysrgb&h=650&w=940,pexels,person,monochrome studio portrait of a stylish bearded man in casual attire with a confident smile.,4,What is the man's expression?,He has a confident smile.
dataset_images/pexels_person_2_6.jpg,https://images.pexels.com/photos/30034936/pexels-photo-30034936.jpeg?auto=compress&cs=tinysrgb&h=650&w=940,pexels,person,monochrome studio portrait of a stylish bearded man in casual attire with a confident smile.,5,How would you describe the man's style?,He appears stylish and casual.
dataset_images/pexels_person_2_7.jpg,https://images.pexels.com/photos/6654230/pexels-photo-6654230.jpeg?auto=compress&cs=tinysrgb&h=650&w=940,pexels,person,"portrait of a smiling young man in a black sweater, indoors.",1,What color sweater is the man wearing?,He is wearing a black sweater.
dataset_images/pexels_person_2_7.jpg,https://images.pexels.com/photos/6654230/pexels-photo-6654230.jpeg?auto=compress&cs=tinysrgb&h=650&w=940,pexels,person,"portrait of a smiling young man in a black sweater, indoors.",2,What is the man's expression?,He is smiling.
dataset_images/pexels_person_2_7.jpg,https://images.pexels.com/photos/6654230/pexels-photo-6654230.jpeg?auto=compress&cs=tinysrgb&h=650&w=940,pexels,person,"portrait of a smiling young man in a black sweater, indoors.",3,Where was the photo taken?,It was taken indoors.
dataset_images/pexels_person_2_7.jpg,https://images.pexels.com/photos/6654230/pexels-photo-6654230.jpeg?auto=compress&cs=tinysrgb&h=650&w=940,pexels,person,"portrait of a smiling young man in a black sweater, indoors.",4,How old does the man appear?,He appears to be a young man.
dataset_images/pexels_person_2_7.jpg,https://images.pexels.com/photos/6654230/pexels-photo-6654230.jpeg?auto=compress&cs=tinysrgb&h=650&w=940,pexels,person,"portrait of a smiling young man in a black sweater, indoors.",5,Is this a formal or informal portrait?,It is an informal portrait.
dataset_images/pexels_person_2_8.jpg,https://images.pexels.com/photos/7047890/pexels-photo-7047890.jpeg?auto=compress&cs=tinysrgb&h=650&w=940,pexels,person,portrait of a cheerful young man standing outdoors with natural background.,1,What is the man's expression?,He is cheerful and smiling.
dataset_images/pexels_person_2_8.jpg,https://images.pexels.com/photos/7047890/pexels-photo-7047890.jpeg?auto=compress&cs=tinysrgb&h=650&w=940,pexels,person,portrait of a cheerful young man standing outdoors with natural background.,2,Is this an indoor or outdoor photo?,It is an outdoor photo.
dataset_images/pexels_person_2_8.jpg,https://images.pexels.com/photos/7047890/pexels-photo-7047890.jpeg?auto=compress&cs=tinysrgb&h=650&w=940,pexels,person,portrait of a cheerful young man standing outdoors with natural background.,3,What is visible in the background?,A natural background is visible.
dataset_images/pexels_person_2_8.jpg,https://images.pexels.com/photos/7047890/pexels-photo-7047890.jpeg?auto=compress&cs=tinysrgb&h=650&w=940,pexels,person,portrait of a cheerful young man standing outdoors with natural background.,4,How old does the man appear?,He appears to be a young man.
dataset_images/pexels_person_2_8.jpg,https://images.pexels.com/photos/7047890/pexels-photo-7047890.jpeg?auto=compress&cs=tinysrgb&h=650&w=940,pexels,person,portrait of a cheerful young man standing outdoors with natural background.,5,How would you describe the overall mood?,The mood is joyful and relaxed.
dataset_images/pexels_person_2_9.jpg,https://images.pexels.com/photos/16826482/pexels-photo-16826482.jpeg?auto=compress&cs=tinysrgb&h=650&w=940,pexels,person,candid indoor portrait of a man with black hair and beard wearing a t-shirt.,1,Does the man have a beard?,"Yes, he has a beard."
dataset_images/pexels_person_2_9.jpg,https://images.pexels.com/photos/16826482/pexels-photo-16826482.jpeg?auto=compress&cs=tinysrgb&h=650&w=940,pexels,person,candid indoor portrait of a man with black hair and beard wearing a t-shirt.,2,What color is the man's hair?,He has black hair.
dataset_images/pexels_person_2_9.jpg,https://images.pexels.com/photos/16826482/pexels-photo-16826482.jpeg?auto=compress&cs=tinysrgb&h=650&w=940,pexels,person,candid indoor portrait of a man with black hair and beard wearing a t-shirt.,3,What is the man wearing?,He is wearing a t-shirt.
dataset_images/pexels_person_2_9.jpg,https://images.pexels.com/photos/16826482/pexels-photo-16826482.jpeg?auto=compress&cs=tinysrgb&h=650&w=940,pexels,person,candid indoor portrait of a man with black hair and beard wearing a t-shirt.,4,Is this an indoor or outdoor photo?,It is an indoor photo.
dataset_images/pexels_person_2_9.jpg,https://images.pexels.com/photos/16826482/pexels-photo-16826482.jpeg?auto=compress&cs=tinysrgb&h=650&w=940,pexels,person,candid indoor portrait of a man with black hair and beard wearing a t-shirt.,5,How would you describe this portrait?,It is a candid indoor portrait.
dataset_images/pexels_person_2_10.jpg,https://images.pexels.com/photos/18871503/pexels-photo-18871503.jpeg?auto=compress&cs=tinysrgb&h=650&w=940,pexels,person,black and white portrait of a smiling man with a beard wearing a branded jumper.,1,Does the man have a beard?,"Yes, he has a beard."
dataset_images/pexels_person_2_10.jpg,https://images.pexels.com/photos/18871503/pexels-photo-18871503.jpeg?auto=compress&cs=tinysrgb&h=650&w=940,pexels,person,black and white portrait of a smiling man with a beard wearing a branded jumper.,2,Is the image in color?,"No, it is a black and white image."
dataset_images/pexels_person_2_10.jpg,https://images.pexels.com/photos/18871503/pexels-photo-18871503.jpeg?auto=compress&cs=tinysrgb&h=650&w=940,pexels,person,black and white portrait of a smiling man with a beard wearing a branded jumper.,3,What is the man wearing?,He is wearing a branded jumper.
dataset_images/pexels_person_2_10.jpg,https://images.pexels.com/photos/18871503/pexels-photo-18871503.jpeg?auto=compress&cs=tinysrgb&h=650&w=940,pexels,person,black and white portrait of a smiling man with a beard wearing a branded jumper.,4,What is the man's expression?,He is smiling.
dataset_images/pexels_person_2_10.jpg,https://images.pexels.com/photos/18871503/pexels-photo-18871503.jpeg?auto=compress&cs=tinysrgb&h=650&w=940,pexels,person,black and white portrait of a smiling man with a beard wearing a branded jumper.,5,How would you describe this portrait?,It is a black and white portrait of a smiling bearded man.
dataset_images/pexels_person_2_11.jpg,https://images.pexels.com/photos/37012837/pexels-photo-37012837.jpeg?auto=compress&cs=tinysrgb&h=650&w=940,pexels,person,a cheerful woman in a black dress with embroidery smiles warmly while sitting indoors.,1,What is the woman wearing?,She is wearing a black dress with embroidery.
dataset_images/pexels_person_2_11.jpg,https://images.pexels.com/photos/37012837/pexels-photo-37012837.jpeg?auto=compress&cs=tinysrgb&h=650&w=940,pexels,person,a cheerful woman in a black dress with embroidery smiles warmly while sitting indoors.,2,What is the woman's expression?,She is smiling warmly.
dataset_images/pexels_person_2_11.jpg,https://images.pexels.com/photos/37012837/pexels-photo-37012837.jpeg?auto=compress&cs=tinysrgb&h=650&w=940,pexels,person,a cheerful woman in a black dress with embroidery smiles warmly while sitting indoors.,3,Where is the woman sitting?,She is sitting indoors.
dataset_images/pexels_person_2_11.jpg,https://images.pexels.com/photos/37012837/pexels-photo-37012837.jpeg?auto=compress&cs=tinysrgb&h=650&w=940,pexels,person,a cheerful woman in a black dress with embroidery smiles warmly while sitting indoors.,4,How would you describe the woman's mood?,She appears cheerful and warm.
dataset_images/pexels_person_2_11.jpg,https://images.pexels.com/photos/37012837/pexels-photo-37012837.jpeg?auto=compress&cs=tinysrgb&h=650&w=940,pexels,person,a cheerful woman in a black dress with embroidery smiles warmly while sitting indoors.,5,What detail is notable about her dress?,Her dress has embroidery on it.
dataset_images/pexels_person_2_12.jpg,https://images.pexels.com/photos/172756/pexels-photo-172756.jpeg?auto=compress&cs=tinysrgb&h=650&w=940,pexels,person,"a colorful box filled with photographs, papers, and sentimental items, evoking nostalgia.",1,What is inside the box?,"The box contains photographs, papers, and sentimental items."
dataset_images/pexels_person_2_12.jpg,https://images.pexels.com/photos/172756/pexels-photo-172756.jpeg?auto=compress&cs=tinysrgb&h=650&w=940,pexels,person,"a colorful box filled with photographs, papers, and sentimental items, evoking nostalgia.",2,What emotion does the image evoke?,It evokes nostalgia.
dataset_images/pexels_person_2_12.jpg,https://images.pexels.com/photos/172756/pexels-photo-172756.jpeg?auto=compress&cs=tinysrgb&h=650&w=940,pexels,person,"a colorful box filled with photographs, papers, and sentimental items, evoking nostalgia.",3,What color is the box?,The box is colorful.
dataset_images/pexels_person_2_12.jpg,https://images.pexels.com/photos/172756/pexels-photo-172756.jpeg?auto=compress&cs=tinysrgb&h=650&w=940,pexels,person,"a colorful box filled with photographs, papers, and sentimental items, evoking nostalgia.",4,What type of items are in the box?,"Photographs, papers, and sentimental items."
dataset_images/pexels_person_2_12.jpg,https://images.pexels.com/photos/172756/pexels-photo-172756.jpeg?auto=compress&cs=tinysrgb&h=650&w=940,pexels,person,"a colorful box filled with photographs, papers, and sentimental items, evoking nostalgia.",5,How would you describe the overall theme?,The image has a nostalgic and sentimental theme.
dataset_images/pexels_person_2_13.jpg,https://images.pexels.com/photos/20181989/pexels-photo-20181989.jpeg?auto=compress&cs=tinysrgb&h=650&w=940,pexels,person,studio portrait of a smiling young man with eyeglasses in black and white.,1,Is the image in color?,"No, it is a black and white image."
dataset_images/pexels_person_2_13.jpg,https://images.pexels.com/photos/20181989/pexels-photo-20181989.jpeg?auto=compress&cs=tinysrgb&h=650&w=940,pexels,person,studio portrait of a smiling young man with eyeglasses in black and white.,2,Is the man wearing glasses?,"Yes, he is wearing eyeglasses."
dataset_images/pexels_person_2_13.jpg,https://images.pexels.com/photos/20181989/pexels-photo-20181989.jpeg?auto=compress&cs=tinysrgb&h=650&w=940,pexels,person,studio portrait of a smiling young man with eyeglasses in black and white.,3,What is the man's expression?,He is smiling.
dataset_images/pexels_person_2_13.jpg,https://images.pexels.com/photos/20181989/pexels-photo-20181989.jpeg?auto=compress&cs=tinysrgb&h=650&w=940,pexels,person,studio portrait of a smiling young man with eyeglasses in black and white.,4,How old does the man appear?,He appears to be a young man.
dataset_images/pexels_person_2_13.jpg,https://images.pexels.com/photos/20181989/pexels-photo-20181989.jpeg?auto=compress&cs=tinysrgb&h=650&w=940,pexels,person,studio portrait of a smiling young man with eyeglasses in black and white.,5,Where was the photo taken?,It was taken in a studio.
dataset_images/pexels_person_2_14.jpg,https://images.pexels.com/photos/36535613/pexels-photo-36535613.jpeg?auto=compress&cs=tinysrgb&h=650&w=940,pexels,person,"black and white portrait of a male adult in formal attire, ideal for business use.",1,Is the image in color?,"No, it is a black and white image."
dataset_images/pexels_person_2_14.jpg,https://images.pexels.com/photos/36535613/pexels-photo-36535613.jpeg?auto=compress&cs=tinysrgb&h=650&w=940,pexels,person,"black and white portrait of a male adult in formal attire, ideal for business use.",2,What is the man wearing?,He is wearing formal attire.
dataset_images/pexels_person_2_14.jpg,https://images.pexels.com/photos/36535613/pexels-photo-36535613.jpeg?auto=compress&cs=tinysrgb&h=650&w=940,pexels,person,"black and white portrait of a male adult in formal attire, ideal for business use.",3,What is the gender of the subject?,The subject is male.
dataset_images/pexels_person_2_14.jpg,https://images.pexels.com/photos/36535613/pexels-photo-36535613.jpeg?auto=compress&cs=tinysrgb&h=650&w=940,pexels,person,"black and white portrait of a male adult in formal attire, ideal for business use.",4,What is this type of photo suitable for?,It is ideal for business use.
dataset_images/pexels_person_2_14.jpg,https://images.pexels.com/photos/36535613/pexels-photo-36535613.jpeg?auto=compress&cs=tinysrgb&h=650&w=940,pexels,person,"black and white portrait of a male adult in formal attire, ideal for business use.",5,How would you describe the portrait style?,It is a formal business-style portrait.
dataset_images/pexels_person_2_15.jpg,https://images.pexels.com/photos/28321733/pexels-photo-28321733.jpeg?auto=compress&cs=tinysrgb&h=650&w=940,pexels,person,captivating black and white portrait of a young man standing outdoors with a serious expression.,1,Is the image in color?,"No, it is a black and white image."
dataset_images/pexels_person_2_15.jpg,https://images.pexels.com/photos/28321733/pexels-photo-28321733.jpeg?auto=compress&cs=tinysrgb&h=650&w=940,pexels,person,captivating black and white portrait of a young man standing outdoors with a serious expression.,2,Where was the photo taken?,It was taken outdoors.
dataset_images/pexels_person_2_15.jpg,https://images.pexels.com/photos/28321733/pexels-photo-28321733.jpeg?auto=compress&cs=tinysrgb&h=650&w=940,pexels,person,captivating black and white portrait of a young man standing outdoors with a serious expression.,3,What is the man's expression?,He has a serious expression.
dataset_images/pexels_person_2_15.jpg,https://images.pexels.com/photos/28321733/pexels-photo-28321733.jpeg?auto=compress&cs=tinysrgb&h=650&w=940,pexels,person,captivating black and white portrait of a young man standing outdoors with a serious expression.,4,How old does the man appear?,He appears to be a young man.
dataset_images/pexels_person_2_15.jpg,https://images.pexels.com/photos/28321733/pexels-photo-28321733.jpeg?auto=compress&cs=tinysrgb&h=650&w=940,pexels,person,captivating black and white portrait of a young man standing outdoors with a serious expression.,5,How would you describe the mood?,The image has a serious and captivating mood.
dataset_images/pexels_person_2_16.jpg,https://images.pexels.com/photos/37070449/pexels-photo-37070449.jpeg?auto=compress&cs=tinysrgb&h=650&w=940,pexels,person,a portrait of a smiling man in a pink shirt standing indoors.,1,What color shirt is the man wearing?,He is wearing a pink shirt.
dataset_images/pexels_person_2_16.jpg,https://images.pexels.com/photos/37070449/pexels-photo-37070449.jpeg?auto=compress&cs=tinysrgb&h=650&w=940,pexels,person,a portrait of a smiling man in a pink shirt standing indoors.,2,What is the man's expression?,He is smiling.
dataset_images/pexels_person_2_16.jpg,https://images.pexels.com/photos/37070449/pexels-photo-37070449.jpeg?auto=compress&cs=tinysrgb&h=650&w=940,pexels,person,a portrait of a smiling man in a pink shirt standing indoors.,3,Where was the photo taken?,It was taken indoors.
dataset_images/pexels_person_2_16.jpg,https://images.pexels.com/photos/37070449/pexels-photo-37070449.jpeg?auto=compress&cs=tinysrgb&h=650&w=940,pexels,person,a portrait of a smiling man in a pink shirt standing indoors.,4,How would you describe the man?,He appears friendly and approachable.
dataset_images/pexels_person_2_16.jpg,https://images.pexels.com/photos/37070449/pexels-photo-37070449.jpeg?auto=compress&cs=tinysrgb&h=650&w=940,pexels,person,a portrait of a smiling man in a pink shirt standing indoors.,5,Is this a formal or casual portrait?,It is a casual portrait.
dataset_images/pexels_person_2_17.jpg,https://images.pexels.com/photos/15448308/pexels-photo-15448308.jpeg?auto=compress&cs=tinysrgb&h=650&w=940,pexels,person,a young adult man in black attire poses confidently on a foggy street in dhaka.,1,What color clothing is the man wearing?,He is wearing black attire.
dataset_images/pexels_person_2_17.jpg,https://images.pexels.com/photos/15448308/pexels-photo-15448308.jpeg?auto=compress&cs=tinysrgb&h=650&w=940,pexels,person,a young adult man in black attire poses confidently on a foggy street in dhaka.,2,Where was the photo taken?,It was taken on a foggy street in Dhaka.
dataset_images/pexels_person_2_17.jpg,https://images.pexels.com/photos/15448308/pexels-photo-15448308.jpeg?auto=compress&cs=tinysrgb&h=650&w=940,pexels,person,a young adult man in black attire poses confidently on a foggy street in dhaka.,3,How does the man pose?,He poses confidently.
dataset_images/pexels_person_2_17.jpg,https://images.pexels.com/photos/15448308/pexels-photo-15448308.jpeg?auto=compress&cs=tinysrgb&h=650&w=940,pexels,person,a young adult man in black attire poses confidently on a foggy street in dhaka.,4,Is this an indoor or outdoor photo?,It is an outdoor photo.
dataset_images/pexels_person_2_17.jpg,https://images.pexels.com/photos/15448308/pexels-photo-15448308.jpeg?auto=compress&cs=tinysrgb&h=650&w=940,pexels,person,a young adult man in black attire poses confidently on a foggy street in dhaka.,5,What is notable about the background?,The street is foggy.
dataset_images/pexels_person_2_18.jpg,https://images.pexels.com/photos/10814418/pexels-photo-10814418.jpeg?auto=compress&cs=tinysrgb&h=650&w=940,pexels,person,black and white portrait of a handsome young man looking away wearing a denim shirt.,1,Is the image in color?,"No, it is a black and white image."
dataset_images/pexels_person_2_18.jpg,https://images.pexels.com/photos/10814418/pexels-photo-10814418.jpeg?auto=compress&cs=tinysrgb&h=650&w=940,pexels,person,black and white portrait of a handsome young man looking away wearing a denim shirt.,2,What is the man wearing?,He is wearing a denim shirt.
dataset_images/pexels_person_2_18.jpg,https://images.pexels.com/photos/10814418/pexels-photo-10814418.jpeg?auto=compress&cs=tinysrgb&h=650&w=940,pexels,person,black and white portrait of a handsome young man looking away wearing a denim shirt.,3,Where is the man looking?,He is looking away from the camera.
dataset_images/pexels_person_2_18.jpg,https://images.pexels.com/photos/10814418/pexels-photo-10814418.jpeg?auto=compress&cs=tinysrgb&h=650&w=940,pexels,person,black and white portrait of a handsome young man looking away wearing a denim shirt.,4,How would you describe the man's appearance?,He is a handsome young man.
dataset_images/pexels_person_2_18.jpg,https://images.pexels.com/photos/10814418/pexels-photo-10814418.jpeg?auto=compress&cs=tinysrgb&h=650&w=940,pexels,person,black and white portrait of a handsome young man looking away wearing a denim shirt.,5,How would you describe the portrait style?,It is a candid black and white portrait.
dataset_images/pexels_person_2_19.jpg,https://images.pexels.com/photos/7515590/pexels-photo-7515590.jpeg?auto=compress&cs=tinysrgb&h=650&w=940,pexels,person,portrait of a confident young south asian man with arms crossed indoors in dhaka.,1,What is the man's posture?,He has his arms crossed.
dataset_images/pexels_person_2_19.jpg,https://images.pexels.com/photos/7515590/pexels-photo-7515590.jpeg?auto=compress&cs=tinysrgb&h=650&w=940,pexels,person,portrait of a confident young south asian man with arms crossed indoors in dhaka.,2,Where was the photo taken?,It was taken indoors.
dataset_images/pexels_person_2_19.jpg,https://images.pexels.com/photos/7515590/pexels-photo-7515590.jpeg?auto=compress&cs=tinysrgb&h=650&w=940,pexels,person,portrait of a confident young south asian man with arms crossed indoors in dhaka.,3,What is the man's ethnicity?,He appears to be South Asian.
dataset_images/pexels_person_2_19.jpg,https://images.pexels.com/photos/7515590/pexels-photo-7515590.jpeg?auto=compress&cs=tinysrgb&h=650&w=940,pexels,person,portrait of a confident young south asian man with arms crossed indoors in dhaka.,4,How does the man appear?,He appears confident.
dataset_images/pexels_person_2_19.jpg,https://images.pexels.com/photos/7515590/pexels-photo-7515590.jpeg?auto=compress&cs=tinysrgb&h=650&w=940,pexels,person,portrait of a confident young south asian man with arms crossed indoors in dhaka.,5,Where in the world was this photo likely taken?,It was likely taken in Dhaka.
dataset_images/pexels_person_3_0.jpg,https://images.pexels.com/photos/6948132/pexels-photo-6948132.jpeg?auto=compress&cs=tinysrgb&h=650&w=940,pexels,person,a woman with an afro styles her hair in front of a mirror indoors in a well-lit room.,1,What is the woman doing?,She is styling her hair in front of a mirror.
dataset_images/pexels_person_3_0.jpg,https://images.pexels.com/photos/6948132/pexels-photo-6948132.jpeg?auto=compress&cs=tinysrgb&h=650&w=940,pexels,person,a woman with an afro styles her hair in front of a mirror indoors in a well-lit room.,2,How would you describe the woman's hair?,She has an afro.
dataset_images/pexels_person_3_0.jpg,https://images.pexels.com/photos/6948132/pexels-photo-6948132.jpeg?auto=compress&cs=tinysrgb&h=650&w=940,pexels,person,a woman with an afro styles her hair in front of a mirror indoors in a well-lit room.,3,Is this an indoor or outdoor photo?,It is an indoor photo.
dataset_images/pexels_person_3_0.jpg,https://images.pexels.com/photos/6948132/pexels-photo-6948132.jpeg?auto=compress&cs=tinysrgb&h=650&w=940,pexels,person,a woman with an afro styles her hair in front of a mirror indoors in a well-lit room.,4,How is the room lit?,The room is well-lit.
dataset_images/pexels_person_3_0.jpg,https://images.pexels.com/photos/6948132/pexels-photo-6948132.jpeg?auto=compress&cs=tinysrgb&h=650&w=940,pexels,person,a woman with an afro styles her hair in front of a mirror indoors in a well-lit room.,5,What is visible in the image?,A woman with an afro styling her hair in front of a mirror.
dataset_images/pexels_person_3_1.jpg,https://images.pexels.com/photos/7130032/pexels-photo-7130032.jpeg?auto=compress&cs=tinysrgb&h=650&w=940,pexels,person,a close-up of a hand with manicured nails adjusting a pearl headband on curly hair in soft lighting.,1,What is the hand doing in the image?,It is adjusting a pearl headband.
dataset_images/pexels_person_3_1.jpg,https://images.pexels.com/photos/7130032/pexels-photo-7130032.jpeg?auto=compress&cs=tinysrgb&h=650&w=940,pexels,person,a close-up of a hand with manicured nails adjusting a pearl headband on curly hair in soft lighting.,2,What type of nails does the person have?,The person has manicured nails.
dataset_images/pexels_person_3_1.jpg,https://images.pexels.com/photos/7130032/pexels-photo-7130032.jpeg?auto=compress&cs=tinysrgb&h=650&w=940,pexels,person,a close-up of a hand with manicured nails adjusting a pearl headband on curly hair in soft lighting.,3,What type of hair does the person have?,The person has curly hair.
dataset_images/pexels_person_3_1.jpg,https://images.pexels.com/photos/7130032/pexels-photo-7130032.jpeg?auto=compress&cs=tinysrgb&h=650&w=940,pexels,person,a close-up of a hand with manicured nails adjusting a pearl headband on curly hair in soft lighting.,4,How would you describe the lighting?,The lighting is soft.
dataset_images/pexels_person_3_1.jpg,https://images.pexels.com/photos/7130032/pexels-photo-7130032.jpeg?auto=compress&cs=tinysrgb&h=650&w=940,pexels,person,a close-up of a hand with manicured nails adjusting a pearl headband on curly hair in soft lighting.,5,What accessory is being adjusted?,A pearl headband is being adjusted.
dataset_images/pexels_person_3_3.jpg,https://images.pexels.com/photos/4965862/pexels-photo-4965862.jpeg?auto=compress&cs=tinysrgb&h=650&w=940,pexels,person,"a woman applies makeup in a sunlit bathroom with warm, natural tones.",1,What is the woman doing?,She is applying makeup.
dataset_images/pexels_person_3_3.jpg,https://images.pexels.com/photos/4965862/pexels-photo-4965862.jpeg?auto=compress&cs=tinysrgb&h=650&w=940,pexels,person,"a woman applies makeup in a sunlit bathroom with warm, natural tones.",2,Where is the woman?,She is in a sunlit bathroom.
dataset_images/pexels_person_3_3.jpg,https://images.pexels.com/photos/4965862/pexels-photo-4965862.jpeg?auto=compress&cs=tinysrgb&h=650&w=940,pexels,person,"a woman applies makeup in a sunlit bathroom with warm, natural tones.",3,How would you describe the lighting?,The lighting is warm and natural.
dataset_images/pexels_person_3_3.jpg,https://images.pexels.com/photos/4965862/pexels-photo-4965862.jpeg?auto=compress&cs=tinysrgb&h=650&w=940,pexels,person,"a woman applies makeup in a sunlit bathroom with warm, natural tones.",4,Is this an indoor or outdoor scene?,It is an indoor scene.
dataset_images/pexels_person_3_3.jpg,https://images.pexels.com/photos/4965862/pexels-photo-4965862.jpeg?auto=compress&cs=tinysrgb&h=650&w=940,pexels,person,"a woman applies makeup in a sunlit bathroom with warm, natural tones.",5,What time of day does it appear to be?,It appears to be daytime based on the sunlight.
dataset_images/pexels_person_3_5.jpg,https://images.pexels.com/photos/17936815/pexels-photo-17936815.jpeg?auto=compress&cs=tinysrgb&h=650&w=940,pexels,person,elegant black and white portrait of a young woman in floral dress with glasses.,1,Is the image in color?,"No, it is a black and white image."
dataset_images/pexels_person_3_5.jpg,https://images.pexels.com/photos/17936815/pexels-photo-17936815.jpeg?auto=compress&cs=tinysrgb&h=650&w=940,pexels,person,elegant black and white portrait of a young woman in floral dress with glasses.,2,What is the woman wearing?,She is wearing a floral dress and glasses.
dataset_images/pexels_person_3_5.jpg,https://images.pexels.com/photos/17936815/pexels-photo-17936815.jpeg?auto=compress&cs=tinysrgb&h=650&w=940,pexels,person,elegant black and white portrait of a young woman in floral dress with glasses.,3,How would you describe the portrait?,It is an elegant black and white portrait.
dataset_images/pexels_person_3_5.jpg,https://images.pexels.com/photos/17936815/pexels-photo-17936815.jpeg?auto=compress&cs=tinysrgb&h=650&w=940,pexels,person,elegant black and white portrait of a young woman in floral dress with glasses.,4,How old does the woman appear?,She appears to be young.
dataset_images/pexels_person_3_5.jpg,https://images.pexels.com/photos/17936815/pexels-photo-17936815.jpeg?auto=compress&cs=tinysrgb&h=650&w=940,pexels,person,elegant black and white portrait of a young woman in floral dress with glasses.,5,What accessories is she wearing?,She is wearing glasses.
dataset_images/pexels_person_3_6.jpg,https://images.pexels.com/photos/7275985/pexels-photo-7275985.jpeg?auto=compress&cs=tinysrgb&h=650&w=940,pexels,person,"black and white portrait of a bearded man with long hair wearing a plaid shirt, looking directly at the camera.",1,Does the man have a beard?,"Yes, he has a beard."
dataset_images/pexels_person_3_6.jpg,https://images.pexels.com/photos/7275985/pexels-photo-7275985.jpeg?auto=compress&cs=tinysrgb&h=650&w=940,pexels,person,"black and white portrait of a bearded man with long hair wearing a plaid shirt, looking directly at the camera.",2,How long is the man's hair?,He has long hair.
dataset_images/pexels_person_3_6.jpg,https://images.pexels.com/photos/7275985/pexels-photo-7275985.jpeg?auto=compress&cs=tinysrgb&h=650&w=940,pexels,person,"black and white portrait of a bearded man with long hair wearing a plaid shirt, looking directly at the camera.",3,Is the image in color?,"No, it is a black and white image."
dataset_images/pexels_person_3_6.jpg,https://images.pexels.com/photos/7275985/pexels-photo-7275985.jpeg?auto=compress&cs=tinysrgb&h=650&w=940,pexels,person,"black and white portrait of a bearded man with long hair wearing a plaid shirt, looking directly at the camera.",4,What is the man wearing?,He is wearing a plaid shirt.
dataset_images/pexels_person_3_6.jpg,https://images.pexels.com/photos/7275985/pexels-photo-7275985.jpeg?auto=compress&cs=tinysrgb&h=650&w=940,pexels,person,"black and white portrait of a bearded man with long hair wearing a plaid shirt, looking directly at the camera.",5,How is the man looking at the camera?,He is looking directly at the camera.
dataset_images/pexels_person_3_7.jpg,https://images.pexels.com/photos/34514656/pexels-photo-34514656.jpeg?auto=compress&cs=tinysrgb&h=650&w=940,pexels,person,stylish man in sunglasses and suit smiling outdoors in black and white,1,Is the man wearing sunglasses?,"Yes, he is wearing sunglasses."
dataset_images/pexels_person_3_7.jpg,https://images.pexels.com/photos/34514656/pexels-photo-34514656.jpeg?auto=compress&cs=tinysrgb&h=650&w=940,pexels,person,stylish man in sunglasses and suit smiling outdoors in black and white,2,What is the man wearing?,He is wearing a suit.
dataset_images/pexels_person_3_7.jpg,https://images.pexels.com/photos/34514656/pexels-photo-34514656.jpeg?auto=compress&cs=tinysrgb&h=650&w=940,pexels,person,stylish man in sunglasses and suit smiling outdoors in black and white,3,Is the image in color?,"No, it is a black and white image."
dataset_images/pexels_person_3_7.jpg,https://images.pexels.com/photos/34514656/pexels-photo-34514656.jpeg?auto=compress&cs=tinysrgb&h=650&w=940,pexels,person,stylish man in sunglasses and suit smiling outdoors in black and white,4,What is the man's expression?,He is smiling.
dataset_images/pexels_person_3_7.jpg,https://images.pexels.com/photos/34514656/pexels-photo-34514656.jpeg?auto=compress&cs=tinysrgb&h=650&w=940,pexels,person,stylish man in sunglasses and suit smiling outdoors in black and white,5,Is this an indoor or outdoor photo?,It is an outdoor photo.
dataset_images/pexels_person_3_8.jpg,https://images.pexels.com/photos/19201350/pexels-photo-19201350.jpeg?auto=compress&cs=tinysrgb&h=650&w=940,pexels,person,smiling man in traditional clothing illuminated by festive bokeh lights.,1,What type of clothing is the man wearing?,He is wearing traditional clothing.
dataset_images/pexels_person_3_8.jpg,https://images.pexels.com/photos/19201350/pexels-photo-19201350.jpeg?auto=compress&cs=tinysrgb&h=650&w=940,pexels,person,smiling man in traditional clothing illuminated by festive bokeh lights.,2,What is visible in the background?,Festive bokeh lights are visible.
dataset_images/pexels_person_3_8.jpg,https://images.pexels.com/photos/19201350/pexels-photo-19201350.jpeg?auto=compress&cs=tinysrgb&h=650&w=940,pexels,person,smiling man in traditional clothing illuminated by festive bokeh lights.,3,What is the man's expression?,He is smiling.
dataset_images/pexels_person_3_8.jpg,https://images.pexels.com/photos/19201350/pexels-photo-19201350.jpeg?auto=compress&cs=tinysrgb&h=650&w=940,pexels,person,smiling man in traditional clothing illuminated by festive bokeh lights.,4,How is the man lit?,He is illuminated by festive bokeh lights.
dataset_images/pexels_person_3_8.jpg,https://images.pexels.com/photos/19201350/pexels-photo-19201350.jpeg?auto=compress&cs=tinysrgb&h=650&w=940,pexels,person,smiling man in traditional clothing illuminated by festive bokeh lights.,5,What is the mood of the image?,The mood is festive and warm.
dataset_images/pexels_person_3_9.jpg,https://images.pexels.com/photos/32721696/pexels-photo-32721696.jpeg?auto=compress&cs=tinysrgb&h=650&w=940,pexels,person,"black and white studio portrait of a stylish man with curly hair and beard, wearing a jacket.",1,Is the image in color?,"No, it is a black and white image."
dataset_images/pexels_person_3_9.jpg,https://images.pexels.com/photos/32721696/pexels-photo-32721696.jpeg?auto=compress&cs=tinysrgb&h=650&w=940,pexels,person,"black and white studio portrait of a stylish man with curly hair and beard, wearing a jacket.",2,How would you describe the man's hair?,He has curly hair.
dataset_images/pexels_person_3_9.jpg,https://images.pexels.com/photos/32721696/pexels-photo-32721696.jpeg?auto=compress&cs=tinysrgb&h=650&w=940,pexels,person,"black and white studio portrait of a stylish man with curly hair and beard, wearing a jacket.",3,Does the man have a beard?,"Yes, he has a beard."
dataset_images/pexels_person_3_9.jpg,https://images.pexels.com/photos/32721696/pexels-photo-32721696.jpeg?auto=compress&cs=tinysrgb&h=650&w=940,pexels,person,"black and white studio portrait of a stylish man with curly hair and beard, wearing a jacket.",4,What is the man wearing?,He is wearing a jacket.
dataset_images/pexels_person_3_9.jpg,https://images.pexels.com/photos/32721696/pexels-photo-32721696.jpeg?auto=compress&cs=tinysrgb&h=650&w=940,pexels,person,"black and white studio portrait of a stylish man with curly hair and beard, wearing a jacket.",5,Where was the photo taken?,It was taken in a studio.
dataset_images/pexels_person_3_10.jpg,https://images.pexels.com/photos/7276113/pexels-photo-7276113.jpeg?auto=compress&cs=tinysrgb&h=650&w=940,pexels,person,"black and white portrait of a man with long hair and facial hair, arms crossed, captured indoors.",1,Is the image in color?,"No, it is a black and white image."
dataset_images/pexels_person_3_10.jpg,https://images.pexels.com/photos/7276113/pexels-photo-7276113.jpeg?auto=compress&cs=tinysrgb&h=650&w=940,pexels,person,"black and white portrait of a man with long hair and facial hair, arms crossed, captured indoors.",2,How long is the man's hair?,He has long hair.
dataset_images/pexels_person_3_10.jpg,https://images.pexels.com/photos/7276113/pexels-photo-7276113.jpeg?auto=compress&cs=tinysrgb&h=650&w=940,pexels,person,"black and white portrait of a man with long hair and facial hair, arms crossed, captured indoors.",3,Does the man have facial hair?,"Yes, he has facial hair."
dataset_images/pexels_person_3_10.jpg,https://images.pexels.com/photos/7276113/pexels-photo-7276113.jpeg?auto=compress&cs=tinysrgb&h=650&w=940,pexels,person,"black and white portrait of a man with long hair and facial hair, arms crossed, captured indoors.",4,What is the man's posture?,His arms are crossed.
dataset_images/pexels_person_3_10.jpg,https://images.pexels.com/photos/7276113/pexels-photo-7276113.jpeg?auto=compress&cs=tinysrgb&h=650&w=940,pexels,person,"black and white portrait of a man with long hair and facial hair, arms crossed, captured indoors.",5,Where was the photo taken?,It was taken indoors.
dataset_images/pexels_person_3_11.jpg,https://images.pexels.com/photos/7329516/pexels-photo-7329516.jpeg?auto=compress&cs=tinysrgb&h=650&w=940,pexels,person,"an elderly man in a red beanie is using a laptop indoors, sitting comfortably on a couch.",1,What is the man wearing on his head?,He is wearing a red beanie.
dataset_images/pexels_person_3_11.jpg,https://images.pexels.com/photos/7329516/pexels-photo-7329516.jpeg?auto=compress&cs=tinysrgb&h=650&w=940,pexels,person,"an elderly man in a red beanie is using a laptop indoors, sitting comfortably on a couch.",2,What is the man doing?,He is using a laptop.
dataset_images/pexels_person_3_11.jpg,https://images.pexels.com/photos/7329516/pexels-photo-7329516.jpeg?auto=compress&cs=tinysrgb&h=650&w=940,pexels,person,"an elderly man in a red beanie is using a laptop indoors, sitting comfortably on a couch.",3,Where is the man sitting?,He is sitting on a couch indoors.
dataset_images/pexels_person_3_11.jpg,https://images.pexels.com/photos/7329516/pexels-photo-7329516.jpeg?auto=compress&cs=tinysrgb&h=650&w=940,pexels,person,"an elderly man in a red beanie is using a laptop indoors, sitting comfortably on a couch.",4,How old does the man appear?,He appears to be elderly.
dataset_images/pexels_person_3_11.jpg,https://images.pexels.com/photos/7329516/pexels-photo-7329516.jpeg?auto=compress&cs=tinysrgb&h=650&w=940,pexels,person,"an elderly man in a red beanie is using a laptop indoors, sitting comfortably on a couch.",5,Is this an indoor or outdoor scene?,It is an indoor scene.
dataset_images/pexels_person_3_12.jpg,https://images.pexels.com/photos/7276096/pexels-photo-7276096.jpeg?auto=compress&cs=tinysrgb&h=650&w=940,pexels,person,"black and white portrait of a young man looking down, captured in a contemplative pose.",1,Is the image in color?,"No, it is a black and white image."
dataset_images/pexels_person_3_12.jpg,https://images.pexels.com/photos/7276096/pexels-photo-7276096.jpeg?auto=compress&cs=tinysrgb&h=650&w=940,pexels,person,"black and white portrait of a young man looking down, captured in a contemplative pose.",2,What is the man's expression?,He is looking down in a contemplative pose.
dataset_images/pexels_person_3_12.jpg,https://images.pexels.com/photos/7276096/pexels-photo-7276096.jpeg?auto=compress&cs=tinysrgb&h=650&w=940,pexels,person,"black and white portrait of a young man looking down, captured in a contemplative pose.",3,How old does the man appear?,He appears to be a young man.
dataset_images/pexels_person_3_12.jpg,https://images.pexels.com/photos/7276096/pexels-photo-7276096.jpeg?auto=compress&cs=tinysrgb&h=650&w=940,pexels,person,"black and white portrait of a young man looking down, captured in a contemplative pose.",4,How would you describe the mood?,The mood is contemplative and introspective.
dataset_images/pexels_person_3_12.jpg,https://images.pexels.com/photos/7276096/pexels-photo-7276096.jpeg?auto=compress&cs=tinysrgb&h=650&w=940,pexels,person,"black and white portrait of a young man looking down, captured in a contemplative pose.",5,What type of portrait is this?,It is a black and white contemplative portrait.
